{"cameraMode":{"drawMode":0,"name":"Shaded","section":"Shading Mode"},"sceneLighting":false,"audioPlay":false,"sceneViewState":{"showFog":false,"showMaterialUpdate":false,"showSkybox":false,"showFlares":false,"showImageEffects":false,"showParticleSystems":false},"in2DMode":false,"pivot":{"x":-5.5093488693237309,"y":0.33031797409057619,"z":1.1079493761062623},"rotation":{"x":-0.0686182826757431,"y":-0.9150699973106384,"z":0.357544481754303,"w":-0.1742449700832367},"size":0.9103294014930725,"orthographic":false}