{"cameraMode":{"drawMode":0,"name":"Shaded","section":"Shading Mode"},"sceneLighting":false,"audioPlay":false,"sceneViewState":{"showFog":false,"showMaterialUpdate":false,"showSkybox":false,"showFlares":false,"showImageEffects":false,"showParticleSystems":false},"in2DMode":false,"pivot":{"x":-75.23468017578125,"y":40.181304931640628,"z":47.54999923706055},"rotation":{"x":-0.23664185404777528,"y":0.7396880388259888,"z":-0.3239727318286896,"w":-0.540322482585907},"size":2.968637228012085,"orthographic":false}