{"cameraMode":{"drawMode":0,"name":"Shaded","section":"Shading Mode"},"sceneLighting":false,"audioPlay":false,"sceneViewState":{"showFog":false,"showMaterialUpdate":false,"showSkybox":false,"showFlares":false,"showImageEffects":false,"showParticleSystems":false},"in2DMode":false,"pivot":{"x":6.542377471923828,"y":0.46820735931396487,"z":-1.1862869262695313},"rotation":{"x":-0.033659059554338458,"y":-0.9616332054138184,"z":0.2373812049627304,"w":-0.13428014516830445},"size":3.352492332458496,"orthographic":false}