{"cameraMode":{"drawMode":0,"name":"Shaded","section":"Shading Mode"},"sceneLighting":false,"audioPlay":false,"sceneViewState":{"showFog":false,"showMaterialUpdate":false,"showSkybox":false,"showFlares":false,"showImageEffects":false,"showParticleSystems":false},"in2DMode":false,"pivot":{"x":83.93072509765625,"y":90.281982421875,"z":455.0812072753906},"rotation":{"x":-0.4432032108306885,"y":-0.04002135619521141,"z":0.019269101321697236,"w":-0.8954386711120606},"size":22.527631759643556,"orthographic":false}