{"cameraMode":{"drawMode":0,"name":"Shaded","section":"Shading Mode"},"sceneLighting":false,"audioPlay":false,"sceneViewState":{"showFog":false,"showMaterialUpdate":false,"showSkybox":false,"showFlares":false,"showImageEffects":false,"showParticleSystems":false},"in2DMode":false,"pivot":{"x":-3.9775381088256838,"y":40.205421447753909,"z":-2.8914337158203127},"rotation":{"x":-0.10478343069553375,"y":0.027074918150901796,"z":-0.003531787544488907,"w":-0.9944412112236023},"size":79.46629333496094,"orthographic":false}