{"cameraMode":{"drawMode":0,"name":"Shaded","section":"Shading Mode"},"sceneLighting":true,"audioPlay":false,"sceneViewState":{"showFog":true,"showMaterialUpdate":false,"showSkybox":true,"showFlares":true,"showImageEffects":true,"showParticleSystems":true},"in2DMode":false,"pivot":{"x":-2539.902099609375,"y":-99.61370849609375,"z":1892.8349609375},"rotation":{"x":-0.2293958216905594,"y":-0.10400214791297913,"z":0.024699494242668153,"w":-0.9675049185752869},"size":833.51953125,"orthographic":false}