{"cameraMode":{"drawMode":0,"name":"Shaded","section":"Shading Mode"},"sceneLighting":false,"audioPlay":false,"sceneViewState":{"showFog":true,"showMaterialUpdate":false,"showSkybox":true,"showFlares":true,"showImageEffects":true,"showParticleSystems":true},"in2DMode":false,"pivot":{"x":-3500.020263671875,"y":-3.9638586044311525,"z":1411.1834716796875},"rotation":{"x":0.014014450833201409,"y":0.9899969696998596,"z":-0.10878542810678482,"w":0.09293635934591294},"size":30.29582977294922,"orthographic":false}