{"cameraMode":{"drawMode":0,"name":"Shaded","section":"Shading Mode"},"sceneLighting":false,"audioPlay":false,"sceneViewState":{"showFog":true,"showMaterialUpdate":false,"showSkybox":true,"showFlares":true,"showImageEffects":true,"showParticleSystems":true},"in2DMode":false,"pivot":{"x":-3973.029541015625,"y":-2410.94921875,"z":3674.729248046875},"rotation":{"x":0.3508620858192444,"y":-0.28011730313301089,"z":0.11116011440753937,"w":0.8868981003761292},"size":1920.402099609375,"orthographic":false}