{"cameraMode":{"drawMode":0,"name":"Shaded","section":"Shading Mode"},"sceneLighting":true,"audioPlay":false,"sceneViewState":{"showFog":true,"showMaterialUpdate":false,"showSkybox":true,"showFlares":true,"showImageEffects":true,"showParticleSystems":true},"in2DMode":false,"pivot":{"x":-1642.4278564453125,"y":-66.28388977050781,"z":1516.1197509765625},"rotation":{"x":-0.7003310322761536,"y":0.0006644239765591919,"z":-0.0006173481233417988,"w":-0.7138969898223877},"size":215.37728881835938,"orthographic":false}