{"cameraMode":{"drawMode":0,"name":"Shaded","section":"Shading Mode"},"sceneLighting":false,"audioPlay":false,"sceneViewState":{"showFog":true,"showMaterialUpdate":false,"showSkybox":false,"showFlares":true,"showImageEffects":true,"showParticleSystems":true},"in2DMode":false,"pivot":{"x":-0.4258890151977539,"y":0.9417567253112793,"z":2.042820692062378},"rotation":{"x":-0.23213744163513184,"y":-0.4852560758590698,"z":0.13493578135967256,"w":-0.8322892785072327},"size":0.17653518915176392,"orthographic":false}