{"cameraMode":{"drawMode":0,"name":"Shaded","section":"Shading Mode"},"sceneLighting":false,"audioPlay":false,"sceneViewState":{"showFog":true,"showMaterialUpdate":false,"showSkybox":true,"showFlares":true,"showImageEffects":true,"showParticleSystems":true},"in2DMode":false,"pivot":{"x":-1622.1400146484375,"y":15.209999084472657,"z":1487.9599609375},"rotation":{"x":-0.36483362317085268,"y":-0.4492988884449005,"z":0.2062121033668518,"w":-0.7893452048301697},"size":353.9427490234375,"orthographic":false}