{"cameraMode":{"drawMode":0,"name":"Shaded","section":"Shading Mode"},"sceneLighting":false,"audioPlay":false,"sceneViewState":{"showFog":true,"showMaterialUpdate":false,"showSkybox":false,"showFlares":true,"showImageEffects":true,"showParticleSystems":true},"in2DMode":false,"pivot":{"x":0.21420198678970338,"y":0.8590072393417358,"z":-0.08213561773300171},"rotation":{"x":0.35312989354133608,"y":0.46986937522888186,"z":-0.21254292130470277,"w":0.7806479334831238},"size":0.9247449040412903,"orthographic":false}