{"cameraMode":{"drawMode":0,"name":"Shaded","section":"Shading Mode"},"sceneLighting":true,"audioPlay":false,"sceneViewState":{"showFog":true,"showMaterialUpdate":false,"showSkybox":true,"showFlares":true,"showImageEffects":true,"showParticleSystems":true},"in2DMode":false,"pivot":{"x":-3550.2216796875,"y":226.89137268066407,"z":1443.673583984375},"rotation":{"x":-0.08103146404027939,"y":0.8586013913154602,"z":-0.1621502935886383,"w":-0.4824765622615814},"size":9.722912788391114,"orthographic":false}