{"cameraMode":{"drawMode":0,"name":"Shaded","section":"Shading Mode"},"sceneLighting":false,"audioPlay":false,"sceneViewState":{"showFog":true,"showMaterialUpdate":false,"showSkybox":false,"showFlares":true,"showImageEffects":true,"showParticleSystems":true},"in2DMode":false,"pivot":{"x":-604.8193359375,"y":548.7349853515625,"z":-1131.3238525390625},"rotation":{"x":-0.027928294613957406,"y":-0.9724510908126831,"z":-0.08641467243432999,"w":0.21470233798027039},"size":90.93267059326172,"orthographic":false}