{"cameraMode":{"drawMode":0,"name":"Shaded","section":"Shading Mode"},"sceneLighting":false,"audioPlay":false,"sceneViewState":{"showFog":true,"showMaterialUpdate":false,"showSkybox":true,"showFlares":true,"showImageEffects":true,"showParticleSystems":true},"in2DMode":false,"pivot":{"x":-2339.85205078125,"y":244.35748291015626,"z":1523.2744140625},"rotation":{"x":0.2944622337818146,"y":0.006995266303420067,"z":-0.0018601469928398729,"w":0.9559352397918701},"size":40.51423263549805,"orthographic":false}