{"cameraMode":{"drawMode":0,"name":"Shaded","section":"Shading Mode"},"sceneLighting":false,"audioPlay":false,"sceneViewState":{"showFog":true,"showMaterialUpdate":false,"showSkybox":false,"showFlares":true,"showImageEffects":true,"showParticleSystems":true},"in2DMode":false,"pivot":{"x":6.648860931396484,"y":0.4463280439376831,"z":-3.9515380859375},"rotation":{"x":-0.05469610169529915,"y":0.9444590210914612,"z":-0.20754404366016389,"w":-0.24892142415046693},"size":1.8165955543518067,"orthographic":false}