{"cameraMode":{"drawMode":0,"name":"Shaded","section":"Shading Mode"},"sceneLighting":false,"audioPlay":false,"sceneViewState":{"showFog":true,"showMaterialUpdate":false,"showSkybox":false,"showFlares":true,"showImageEffects":true,"showParticleSystems":true},"in2DMode":false,"pivot":{"x":-0.000993490219116211,"y":0.0005130171775817871,"z":0.0},"rotation":{"x":-0.23213744163513184,"y":-0.4852560758590698,"z":0.13493578135967256,"w":-0.8322892785072327},"size":1.0339820384979249,"orthographic":false}