{"cameraMode":{"drawMode":0,"name":"Shaded","section":"Shading Mode"},"sceneLighting":true,"audioPlay":false,"sceneViewState":{"showFog":true,"showMaterialUpdate":false,"showSkybox":true,"showFlares":true,"showImageEffects":true,"showParticleSystems":true},"in2DMode":false,"pivot":{"x":-3808.21826171875,"y":35.68525695800781,"z":1743.6387939453125},"rotation":{"x":-0.12653736770153047,"y":0.5313141345977783,"z":-0.091469407081604,"w":-0.8341777324676514},"size":319.28021240234377,"orthographic":false}