{"cameraMode":{"drawMode":0,"name":"Shaded","section":"Shading Mode"},"sceneLighting":false,"audioPlay":false,"sceneViewState":{"showFog":true,"showMaterialUpdate":false,"showSkybox":false,"showFlares":true,"showImageEffects":true,"showParticleSystems":true},"in2DMode":false,"pivot":{"x":-16.996238708496095,"y":34.77632141113281,"z":18.537094116210939},"rotation":{"x":0.10136394947767258,"y":0.05428832769393921,"z":0.005539667792618275,"w":-0.993352472782135},"size":83.75243377685547,"orthographic":false}