{"cameraMode":{"drawMode":0,"name":"Shaded","section":"Shading Mode"},"sceneLighting":true,"audioPlay":false,"sceneViewState":{"showFog":true,"showMaterialUpdate":false,"showSkybox":true,"showFlares":true,"showImageEffects":true,"showParticleSystems":true},"in2DMode":false,"pivot":{"x":-1755.4625244140625,"y":6.626197814941406,"z":1568.006591796875},"rotation":{"x":0.2647300064563751,"y":0.5645430684089661,"z":-0.19709594547748567,"w":0.7567228674888611},"size":247.6306915283203,"orthographic":false}