{"cameraMode":{"drawMode":0,"name":"Shaded","section":"Shading Mode"},"sceneLighting":false,"audioPlay":false,"sceneViewState":{"showFog":true,"showMaterialUpdate":false,"showSkybox":true,"showFlares":true,"showImageEffects":true,"showParticleSystems":true},"in2DMode":false,"pivot":{"x":-2439.193603515625,"y":384.62493896484377,"z":1045.65234375},"rotation":{"x":-0.1667453795671463,"y":-0.23112255334854127,"z":0.038453731685876849,"w":-0.958102285861969},"size":89.61128234863281,"orthographic":false}