{"cameraMode":{"drawMode":0,"name":"Shaded","section":"Shading Mode"},"sceneLighting":true,"audioPlay":false,"sceneViewState":{"showFog":true,"showMaterialUpdate":false,"showSkybox":true,"showFlares":true,"showImageEffects":true,"showParticleSystems":true},"in2DMode":false,"pivot":{"x":-3055.085205078125,"y":131.023681640625,"z":1450.584716796875},"rotation":{"x":-0.3131095767021179,"y":-0.1524023562669754,"z":0.050980109721422198,"w":-0.9360227584838867},"size":620.1389770507813,"orthographic":false}