{"cameraMode":{"drawMode":0,"name":"Shaded","section":"Shading Mode"},"sceneLighting":true,"audioPlay":false,"sceneViewState":{"showFog":true,"showMaterialUpdate":false,"showSkybox":true,"showFlares":true,"showImageEffects":true,"showParticleSystems":true},"in2DMode":false,"pivot":{"x":-3547.95947265625,"y":235.0389862060547,"z":1365.7890625},"rotation":{"x":-0.0040888055227696899,"y":-0.9946796894073486,"z":0.08965768665075302,"w":0.050625044852495196},"size":52.1383056640625,"orthographic":false}