{"cameraMode":{"drawMode":0,"name":"Shaded","section":"Shading Mode"},"sceneLighting":false,"audioPlay":false,"sceneViewState":{"showFog":true,"showMaterialUpdate":false,"showSkybox":true,"showFlares":true,"showImageEffects":true,"showParticleSystems":true},"in2DMode":false,"pivot":{"x":-3494.930908203125,"y":-0.8142106533050537,"z":1409.934814453125},"rotation":{"x":-0.019371887668967248,"y":0.9642526507377625,"z":-0.24930039048194886,"w":-0.10161446034908295},"size":16.286117553710939,"orthographic":false}