{"cameraMode":{"drawMode":0,"name":"Shaded","section":"Shading Mode"},"sceneLighting":false,"audioPlay":false,"sceneViewState":{"showFog":true,"showMaterialUpdate":false,"showSkybox":false,"showFlares":true,"showImageEffects":true,"showParticleSystems":true},"in2DMode":false,"pivot":{"x":2.4449000358581545,"y":0.9701615571975708,"z":1.2505266666412354},"rotation":{"x":-0.23213744163513184,"y":-0.4852560758590698,"z":0.13493578135967256,"w":-0.8322892785072327},"size":0.3228796720504761,"orthographic":false}